1,Lizzy,Ashtarak,26790
2,Odilia,Parfino,83900
3,Ira,San Felipe Old,44748
4,Jermain,Eloy Alfaro,29466
5,Erik,Luts’k,18163
6,Waylan,Luntai,26936
7,Tania,Longquan,77248
8,Florentia,Putre,27742
9,Myer,Skomielna Czarna,53313
10,Scot,Colmar,29442
11,Alleyn,Beloye,53010
12,Quinta,Lyalichi,97495
13,Fern,Kitwe,73843
14,Julietta,Takedamachi,29639
15,Leland,Yaroslavl,25353
16,Keslie,Jiquilillo,32934
17,Vanni,Maltahöhe,77811
18,Anabal,Tangguhang,28533
19,Carmella,Khinjān,61820
20,Jorry,Nangka,91842
21,Dicky,Huarong Chengguanzhen,11599
22,Lannie,Semikarakorsk,65254
23,Granthem,Venda do Alcaide,15297
24,Marlane,Xinhua,64545
25,Vidovik,Paris 17,99454
26,Nicholle,Řečany nad Labem,59273
27,Vasilis,Vol’nyy Aul,54274
28,Lynnette,Moret-sur-Loing,74798
29,Lauryn,Jinshi,43758
30,Simone,Linares,61210
31,Minette,Pulau Pinang,94806
32,Gauthier,Cikaras,70533
33,Gaile,Kota Kinabalu,30644
34,Susanne,Marianowo,59797
35,Billi,Amparo,95006
36,Robinet,Lamawan,88182
37,Gayelord,Ribeira do Pombal,59402
38,Thornton,San Juan de Limay,88513
39,Candy,Panique,63433
40,Zara,Qianqiao,73911
41,Jenelle,Itaparica,83245
42,Nehemiah,Bilohirs’k,36036
43,Erika,Cibiru,56553
44,Tudor,Koźle,54563
45,Maxi,Aldeia de Além,69101
46,Barn,Khulna,77252
47,Ely,Nis’oni,48609
48,Cherrita,Temuco,46192
49,Byrle,Anan,45088
50,Pattie,Taouima,33652
51,Aloise,Alcaldedíaz,87087
52,Doris,Göteborg,49221
53,Megan,Xilu,30888
54,Jori,Azenhas do Mar,19611
55,Deloria,San Remigio,24768
56,Sutton,Varāmīn,22404
57,Ailyn,Parlilitan,82405
58,Marianne,Kāmyārān,19826
59,Frieda,Santa Cruz do Capibaribe,53396
60,Stuart,Sananrejo,44052
61,Raimundo,Obernai,26400
62,Filia,Purral,31272
63,Rozalie,Hengshan,59612
64,Anthiathia,Xialiao,42476
65,Ange,Sishiba,93710
66,Brandise,Otse,17270
67,Brunhilde,Sleman,69851
68,Arline,Round Rock,94778
69,Cointon,Byahoml’,51313
70,Maurise,Dongyang,54314
71,Latisha,Węgliniec,16189
72,Raye,Juan L. Lacaze,18126
73,Sebastiano,"Las Vegas, Santa Barbara",31171
74,Antonia,Dujiajing,75199
75,Augustus,Nice,20154
76,Gay,Kuniran,63398
77,Cortney,Songnan,96379
78,Harlen,Flin Flon,21678
79,Nalani,Guarapuava,73345
80,Corina,Maicao,46548
81,Roberta,Dabola,41199
82,Rooney,Nishiwaki,43060
83,Hastie,Shaoha,62750
84,Lucina,Jinchang,98587
85,Paige,Mahdia,22223
86,Laure,Konakridee,55213
87,Steve,Jardin,58727
88,Kermy,Entre Rios,69810
89,Billie,Puerto Boyacá,77169
90,Linnie,Ingenio La Esperanza,44119
91,Ed,Paraisópolis,82520
92,Pennie,Meicheng,31670
93,Marika,Tanjay,84971
94,Kalli,Nocaima,67222
95,Sheppard,Nesebar,57775
96,Giffie,Qaraçuxur,17851
97,Lavena,Bangangté,48936
98,Juliana,Fengcheng,98488
99,Mariette,Shibata,98189
100,Darby,Praia do Ribatejo,51740
101,Guy,Yaguachi Nuevo,64963
102,Lin,Pljevlja,47219
103,Farra,Navatat,44472
104,Joachim,Pasirpanjang,73757
105,Welbie,Izingolweni,45917
106,Ysabel,Huagu,82916
107,Stillman,Sukamaju,29603
108,Derward,Pujiang,90388
109,Cynthea,Patsi,22642
110,Niki,Pingdong,34365
111,Osgood,Ibeto,35499
112,Alfredo,Umbultanjung,18313
113,Rouvin,Kota Kinabalu,96171
114,Blakelee,Changshou,38537
115,Reta,Gaozhou,37739
116,Raynard,Changyanbao,76129
117,Collete,Bontang Baru,60658
118,Farleigh,Juàzeirinho,73506
119,Brear,Cipicung Timur,87490
120,Joycelin,Zafar,56469
121,Dulcy,Monino,62510
122,Bridie,Ninghai,18404
123,Dyanna,Krzyżanowice,35043
124,Nataline,Pandak,76954
125,Jecho,Bloemfontein,42538
126,Shayne,General San Martín,23782
127,Bengt,Glamoč,29201
128,Con,Uyutne,80280
129,Tannie,Ŭiju,43374
130,Ailyn,Riit,74836
131,Irita,Steinkjer,35941
132,Milena,Lagunillas,66118
133,Lucias,Tonkino,62754
134,Rina,Trajouce,14815
135,Paulette,Bagacay,10385
136,Brod,Nova Russas,62187
137,Quent,Lukou,26887
138,Nanny,Morelos,96107
139,Rose,Granada,71565
140,Gweneth,Bogovarovo,72109
141,Dulciana,Xinzhan,57733
142,Hercule,Faraulep,83310
143,Forester,Daoxu,90889
144,Reagen,Lansing,71418
145,Bronnie,Bélel,72040
146,Lesley,Changsheng,71160
147,Olympia,Tournon-sur-Rhône,49938
148,Nerita,Skomlin,83742
149,Fairlie,Zala,96912
150,Adiana,Bocana de Paiwas,34924
151,Hadlee,Lagoa Vermelha,68832
152,Hurlee,Barakī Barak,82201
153,Martie,Malainen Luma,47009
154,Virginie,Jiangyou,27813
155,Catlin,Gračanica,16742
156,Beverley,Wudong,44156
157,Maure,Kumai,63689
158,Miriam,Choca do Mar,10674
159,Tara,Malian,73193
160,Mame,Messina,32950
161,Moishe,Santa Catalina,89665
162,Lydon,Trélissac,94428
163,Cristian,Kamenné Žehrovice,87918
164,Hallsy,Chợ Gạo,42051
165,Sara,Dolní Černilov,69088
166,Aldus,Josefův Důl,11463
167,Colman,Hacıqabul,14818
168,Buddy,Pak Kret,45793
169,Bobby,Ramenki,91683
170,Grayce,Brämhult,65142
171,Bobbe,Mosjøen,18126
172,Bordie,Almeirim,46254
173,Peggy,Pardubice,71933
174,Vonnie,Bozoum,36164
175,Renado,Saint John,97749
176,Jessy,Cibanten,49768
177,Akim,Ershilipu,77007
178,Melany,Capitán Bermúdez,50241
179,Benedetta,Tiraspol,94653
180,Pat,Meijiang,17932
181,Craggie,Quimper,18617
182,Aimil,Morelos,34083
183,Arin,Tanumshede,28009
184,Denys,Illela,72773
185,Reiko,Krasnapollye,60677
186,Ellissa,Stockton,86773
187,Cherida,Balibago,71330
188,Selie,Ob’,69171
189,Salem,Ōme,96901
190,Berne,Liangnong,69784
191,Cilka,Kotabesi,77358
192,Malva,Sumbergedong,23138
193,Alfonso,Jamaica,60456
194,Franz,Fraile Pintado,39894
195,Rona,Hrazdan,55202
196,Isa,‘Ubāl,58803
197,Bogey,Padangbai,60030
198,Odilia,San Miguel,30496
199,Nana,Ecilda Paullier,83045
200,Bellina,Ciherang,24908
201,Eda,Komsomol’sk,37433
202,Karlan,Ochota,94737
203,Dela,Shah Alam,58494
204,Rafaelita,Mashtūl as Sūq,58251
205,Ulick,Jitan,46391
206,Bertine,Saint-Brieuc,13423
207,Nat,Waihibar,27445
208,Cassandre,Chupa,42343
209,Belva,Donja Brela,34792
210,Katuscha,Dogbo,46602
211,Candra,Bunawan,24279
212,Coriss,Xianren,81161
213,Millie,Satuek,12845
214,Pearce,Dublje,83343
215,Aaren,Bolekhiv,11588
216,Magnum,Valdemārpils,22749
217,Pepi,Mauá,45110
218,Fawnia,El Limon,14145
219,Rolland,Mayong,76242
220,Caren,Shitang,73575
221,Osmund,Boleszkowice,24536
222,Thorin,San Jose,91229
223,Pepi,Uppsala,40500
224,Donal,Tanalt,17447
225,Hynda,Sepit,82115
226,Udale,San Antonio,70129
227,Mayer,Cala,84788
228,Angelo,Lin’an,80864
229,Tate,Ol’gino,56632
230,Valentino,Poja Nae,84128
231,Brigid,Fujieda,29539
232,Timmie,Ujung Gading,84174
233,Virginie,Eauripik,76675
234,Leanor,Bolikhan,25765
235,Jessie,Karlstad,59921
236,Blaine,Kuttu,52492
237,Kerby,Asbest,83198
238,Wadsworth,Xiaping,42732
239,Barret,Ejidal,65664
240,Kristal,Haukivuori,18368
241,Millard,Mayang,25838
242,Angelique,Sieniawa,16471
243,Roch,Wuma,72705
244,Tobias,Saint John,88479
245,Lillian,Ersekë,69095
246,Deidre,Lianshan,37895
247,Amargo,Nueva Esperanza,67888
248,Valeda,Göteborg,40282
249,Maryanne,Rivadavia,75784
250,Gwyneth,Jonquière,50803
251,Rube,Dzięgielów,47092
252,Roxanna,Gaolong,53609
253,Carina,Nguken,29625
254,Mommy,Rudka,68762
255,Petunia,Wilmington,97441
256,Forester,Argostólion,53266
257,Trescha,Qiongshan,39243
258,Jenifer,Floridablanca,17270
259,Lea,Pentaplátano,89400
260,Alain,Perrelos,78600
261,Tiphanie,Galitsy,89761
262,Marketa,Slavuta,42312
263,Kellina,Allada,26489
264,Jeannine,Midlands,68115
265,Bliss,Kauswagan,73030
266,Homer,Faya-Largeau,59967
267,Reyna,Sobreira,27783
268,Teresina,Donglai,31521
269,Ilysa,Pacaraos,40958
270,Kevin,Ma’an,58684
271,Carr,Krzczonów,22724
272,Shandie,Moyogalpa,89789
273,Cosmo,Fuxi,98852
274,Carolina,Miharu,81000
275,Shelba,Masatepe,35723
276,Orin,Koilás,82481
277,Jobye,Bratislava,19870
278,Adara,Samdo,32279
279,Michale,‘Izrā,61875
280,Cynthea,Dengzhou,77994
281,Ronalda,Tocha,92794
282,Dyanna,Matnah,68148
283,Callie,Butere,85073
284,Jacki,Taoxi,49764
285,Freda,Okakarara,62784
286,Klemens,Zhuangshi,57937
287,Alaric,Banjiang,88717
288,Shamus,Chengdong,17237
289,Leon,Strasbourg,50797
290,Carmencita,Khallat ad Dār,60628
291,Arlie,El Pino,71741
292,De witt,Casal,70573
293,Ursala,Gimry,61904
294,Novelia,Ostroróg,51961
295,Friedrick,Cruzeiro,81694
296,Tris,Vila,84396
297,Vanny,Kota Trieng,61067
298,Chicky,Kara,67934
299,Tessie,Esparza,10812
300,Gayle,Zhovkva,18882
301,Joelle,Zhongbu,52090
302,Farrand,Eksjö,77659
303,Evaleen,Silver Spring,46457
304,Drake,Quatro Barras,34515
305,Cinnamon,Andrijevica,51105
306,Giulia,Tunja,66847
307,Dillon,Juncheng,70982
308,Trisha,Donim,67644
309,Kaitlynn,České Meziříčí,21039
310,Andre,Yangji,45752
311,Em,Tangdukou,81237
312,Nyssa,Côn Sơn,25884
313,Hermann,Pajannangger,60409
314,Irwinn,Rouen,39336
315,Bree,Dargaz,55565
316,Orsa,Höfn,30193
317,Micheal,Colos,51412
318,Daphna,Caqu,87257
319,Kevyn,Wang Noi,96877
320,Darda,Rukunlima Bawah,89115
321,Shelden,Dangshun,26306
322,Obed,Huangtan,72900
323,Chaddie,Al Majāridah,31762
324,Ida,Vicente Guerrero,97796
325,Courtenay,Walton,35315
326,Stephie,Shchuchin,84821
327,Felicio,Mozhong,62288
328,Peadar,Zhendu,74162
329,Belvia,El Mirador,19286
330,Kai,Lengji,43658
331,Mathilde,Traganón,43929
332,Melba,Jönköping,33706
333,Hatty,Nikolinci,90381
334,Roana,Biaoshan,45219
335,Ileane,Santa Ignacia,14098
336,Randolf,Saint-Rémy-de-Provence,18097
337,Gothart,Wanxian,25089
338,Krystal,Радолишта,69550
339,Ingra,Cidadap,29066
340,Brigitte,Leticia,52076
341,Thorvald,Victoria,83581
342,Dorian,Ḩājī Khēl,96331
343,Margeaux,Qinhe,80692
344,Jourdain,Alamar,91730
345,Haleigh,Ilebo,81445
346,Giraldo,Jiangkou,49268
347,Phylys,Ditang,44265
348,Riccardo,Palaiomonástiron,58419
349,Bernardina,Estreito,56921
350,Farlay,Rāmsar,87024
351,Carmel,Teminabuan,86892
352,Everard,Dolega District,86196
353,Windham,Sodankylä,74530
354,Orton,Lashio,15279
355,Ingemar,Joroan,26213
356,Shepperd,Jadho,76530
357,Mikkel,Velille,36929
358,Tonnie,Radnice,29250
359,Yovonnda,Al Manqaf,10530
360,Reube,Canmore,83959
361,Kienan,Hepu,92390
362,Celka,Palmira,83934
363,Leelah,Jardoeira,18438
364,Claudio,Wangfu,58355
365,Merralee,Al Ḩammāmāt,10841
366,Waldon,Várzea,94057
367,Simone,Banga,93974
368,Mac,Stratónion,93786
369,Alvy,Iralaya,61046
370,Cary,Pamoyanan,28308
371,Fawnia,Arendal,53095
372,Ermanno,Mesa,98679
373,Theodora,Igaraçu do Tietê,46181
374,Esma,Slatyne,34114
375,Sacha,Munde,66706
376,Winny,Buga,94896
377,Lonna,Ayaviri,95892
378,Angelo,Ereencav,58790
379,Borg,Dzwola,47318
380,Henrik,Kaduheuleut,28289
381,Ancell,Notre Dame,90403
382,Andreas,Ban Thai Tan,73843
383,Sloane,Mir,68199
384,Larry,Oslo,35549
385,Skylar,Noyal-sur-Vilaine,35583
386,Kaela,Sarykemer,94540
387,Betteann,Mairiporã,99105
388,Hillier,Piedras,20042
389,Ada,Velille,50502
390,Henrik,Trzcinica,21071
391,Belle,Bururi,72506
392,Randi,Xinfeng,15420
393,Janek,Ban Lŭng,46572
394,Xerxes,Wugong,22365
395,Caroljean,Guimba,41538
396,Ebeneser,Miłakowo,59243
397,Elset,Macaíba,44678
398,Nathalie,Qingchuan,16702
399,Theodore,Cacheu,43234
400,Rycca,Cochabamba,89779
401,Arlin,Sabanalarga,34464
402,Yovonnda,La Floresta,68529
403,Lynn,Nossa Senhora do Socorro,36225
404,Gauthier,Manakara,85977
405,Anneliese,Utajärvi,90382
406,Sabine,Luopu,17420
407,Adrian,Mount Darwin,33397
408,Maure,Quiñota,90671
409,Henry,Batiano,13839
410,Teresina,Corinto,42472
411,Chilton,Pahing Jalatrang,38981
412,Zita,New York City,57897
413,Doe,Meniko,74989
414,Laura,Lyon,51065
415,Alleyn,Lumbangan,24331
416,Merilee,Bethlehem,83597
417,Verile,Hamm,80323
418,Lulu,Sanok,17498
419,Sigismundo,Ráquira,45324
420,Killie,Zengjia,98322
421,Morna,Pokrovskoye,83143
422,Vaughan,Fernández,59593
423,Gaston,Tiro,81590
424,Anet,Thị Trấn Cao Lộc,66575
425,Ferd,Lucapon,40987
426,Kikelia,Tejen,66269
427,Tomlin,Đà Bắc,71163
428,Lisbeth,Kawanishi,61879
429,Hershel,Okigwi,88517
430,Eben,Joutseno,27184
431,Ofelia,Zhoukoudian,17305
432,Meryl,Áno Liósia,47826
433,Dedie,Eldoret,30731
434,Cordy,Batangafo,10782
435,Taddeusz,Postira,60247
436,Carlos,Illela,54087
437,Wyn,Bagok,32207
438,Salvidor,Tunja,63458
439,Trev,Prioso Barat,98913
440,Cirillo,Bi’r al ‘Abd,42801
441,Rip,Ananea,52554
442,Mercedes,Żarów,72596
443,Blakelee,Rawang,49495
444,Hope,Weixin,93596
445,Fancie,Kosaya Gora,16506
446,Jacquelynn,Risālpur,54863
447,Mikaela,Touying,48960
448,Brande,Baytīn,21483
449,Vera,Cigembor,31776
450,Agatha,Baliuag Nuevo,83865
451,Aleksandr,Banjar Dharmasemedi,61653
452,Britni,Tigbaw,59365
453,Christi,Les Clayes-sous-Bois,46407
454,Kerrill,Mysiadło,34766
455,Marcile,Pingkai,15943
456,Dominique,Pedro Leopoldo,94755
457,Clotilda,Kabul,35763
458,Eddie,Senadan,30278
459,Zondra,Carrefour,65308
460,Lawton,Chabany,75575
461,Yoko,Terpsithéa,99723
462,Blanca,Nepomuceno,97915
463,Willis,Stockholm,37710
464,Perry,Kiełczów,41353
465,Jobina,Xipu,46896
466,Ryon,Sumbersari Wetan,26810
467,Shepherd,Oebaki,84594
468,Allin,Villaviciosa,56727
469,Joyous,Ngã Bảy,86607
470,Wynne,Dubinino,55557
471,Rayner,Blagoveshchensk,42383
472,Renaldo,Tamahú,14001
473,Avril,Beaung Tengah,28242
474,Garland,Entre Rios,56771
475,Ivett,Adani,34649
476,Rolf,Phùng,18596
477,Jacintha,Pinhão,54734
478,Hanan,Tanumshede,10370
479,Moyna,Kovernino,58701
480,Gabie,Pekijing,64640
481,Lanette,Sussex,46795
482,Kary,Porto Ferreira,95765
483,Magnum,Villa Santa Rosa,38034
484,Kinnie,Västerås,32995
485,Dacey,Sangzhou,60209
486,Minetta,Opinogóra Górna,53615
487,Tamra,Aparecida,24790
488,Tamra,Curití,28494
489,Karlyn,Sungai,21646
490,Chantal,Quebracho,87545
491,Kassi,Köyliö,18009
492,Anabella,Toyota,56399
493,Kiah,Āshkhāneh,36053
494,Ariel,Renfrew,11812
495,Lizzy,Banjar Bucu,81391
496,Phineas,Pappadátes,96171
497,Elsy,Yaroslavskaya,73596
498,Adelaide,Cambebba,31180
499,Blinni,Jiexiu,46968
500,Babbette,Sabang,55989
501,Jacklyn,Omsukchan,87617
502,Raddy,Umeå,13070
503,Gabriello,Kakamigahara,30415
504,Rustie,Tres Unidos,85157
505,Amara,Juršinci,99449
506,Ruperto,Las Vegas,36606
507,Keenan,Kōfu-shi,73211
508,Sophi,Galapa,22419
509,Kendrick,Misheronskiy,77425
510,Rozalin,Shaguotun,35016
511,Webb,Ḩammām Wāşil,98109
512,Tulley,Batanovtsi,96575
513,Chaim,Baqiao,28752
514,Caryn,Linjiang,71979
515,Franzen,Mirsk,68141
516,Bobette,Alor Setar,18316
517,Willamina,Nanhu,93960
518,Phil,Hostouň,11508
519,Ediva,La Soledad,57241
520,Marcelia,Banjar Beratan,39655
521,Jonell,Xiaba,33973
522,Stephannie,Västerås,95593
523,Artur,Kaloyanovo,32759
524,Reiko,Zhangxi,12445
525,Warner,Piru,39709
526,Jessamyn,Dalheim,30413
527,Bibbye,Haysyn,52602
528,Traci,Pontes e Lacerda,37778
529,Forest,Krajan Karangwage,62367
530,Boycey,Pingya,31548
531,Garry,Sa Bot,61285
532,Nerte,Kombapari,12590
533,Junina,Inashiki,19912
534,Northrup,Kobuleti,15105
535,Lon,Horokhiv,59126
536,Maure,Nandu,58424
537,Hestia,Lazo,47329
538,Benedict,Lutomiersk,41934
539,Blancha,Sanjiao,81002
540,Kristofer,São Francisco,91177
541,Ly,Diriomo,95248
542,Oates,Plessisville,98766
543,Pate,Enshi,36992
544,Inger,Hengdong Chengguanzhen,22067
545,Nikolai,Kanthararom,71991
546,Pepita,Jiahe,55596
547,Yale,Nuku‘alofa,19660
548,Nissa,Farranacoush,25970
549,Gus,Negombo,29760
550,Aurie,Winnica,44434
551,Jania,Kez,72354
552,Frieda,Hronov,12393
553,Esta,Oyama,73293
554,Joachim,Mauloo,51792
555,Currey,Vrbovec,20262
556,Giulietta,Guder,32479
557,Vally,Pesnica pri Mariboru,82524
558,Devonne,Honolulu,50236
559,Philis,Huangzhu,61376
560,Conchita,Queenstown,13805
561,Nathalia,Zuénoula,87987
562,Ira,Kafr ad Dawwār,37692
563,Aprilette,Mugan,97261
564,Ely,Paris 13,17741
565,Netty,Leśnica,42061
566,Aguste,Lincheng,13620
567,Nicole,Saint Petersburg,29628
568,Clayborne,Chang’an,80973
569,Hurley,Arras,80616
570,Gannie,Montfort-sur-Meu,73349
571,Aindrea,Linjiang,53425
572,Sandra,Uritsk,47429
573,Gunilla,Marādah,70012
574,Feodor,Bayan Hure,93309
575,Pavia,Trollhättan,62472
576,Ealasaid,Cibetung Dua,42344
577,Lionello,København,46896
578,Bethena,Birobidzhan,98109
579,Misty,Nyrob,88633
580,Ros,Kabinda,93717
581,Janina,Shayuan,85910
582,Mabelle,Nova Viçosa,48241
583,Lynn,Zhoujiang,25147
584,Tedra,Pasaco,37449
585,Hope,Kabar Utara,51373
586,Raye,Ncue,83383
587,Margalit,Zhosaly,36695
588,Ewan,Alupay,85127
589,Sileas,Lumil,34012
590,Porter,Villa Santa Rosa,22936
591,Licha,Arjona,93106
592,Thekla,Saint Petersburg,84558
593,Lemmy,Nanam,23076
594,Renate,Napoli,79549
595,Carmella,Evansville,32059
596,Jolene,Dinjo,55017
597,Zerk,Sundbyberg,66486
598,Merilyn,Predavac,23997
599,Ciel,Ruma,74914
600,Valdemar,Rencun,88175
601,Jermayne,Laoxingchang,59384
602,Quinton,Huochang,53593
603,Mira,Mafraq,79658
604,Cameron,Mevo horon,52884
605,Alissa,Arcoverde,83555
606,Angel,Galitsy,68789
607,Normand,Sabaneta,61702
608,Ravi,Vichadero,12825
609,Georgianna,Khawrah,95460
610,Bartolemo,Jakobstad,83147
611,Gabrielle,Paris 15,23347
612,Fran,Nicosia,74395
613,Martica,Kalýves Polygýrou,60482
614,Amii,Kacha,58220
615,Trace,San Carlos,35754
616,Margarita,Khayr Kōṯ,68002
617,Catlin,Bambali,89816
618,Deva,Paraty,20670
619,Karna,El Peñol,53157
620,Poul,Bukavu,56245
621,Gunar,Ekasapta,61155
622,Hanson,Poroshkovo,13970
623,Ianthe,Wongsorejo,68569
624,Kym,Jivia,42342
625,Darlleen,Cambebba,76334
626,Cletus,Chunjing,40508
627,Sandra,Aroa,99441
628,Deeann,Chervonopartyzans’k,22308
629,Kathi,Proletarsk,48447
630,Issi,Angol,43948
631,Kakalina,General Alvear,15680
632,Lothario,Ajax,47235
633,Lois,Pingtang,67281
634,Samuele,Jijiazhuang,59569
635,Evania,Hatava,84424
636,Karlens,Puerto Asís,12143
637,Lorilyn,Campo Maior,59498
638,Hill,Mulchén,43727
639,Aridatha,Sagarejo,32476
640,Dav,Dalsjöfors,63245
641,Anselma,Şabyā,92766
642,Marni,Tiyuguan,94024
643,Hartwell,Grazhdanka,30388
644,Sybille,Portalegre,32671
645,Renee,Roanoke,78867
646,Jerome,Itaberaba,87283
647,Annalee,Ziketan,95960
648,Vergil,Cinangsih Satu,60898
649,Manda,Salam,64419
650,Dominga,Unidad,64884
651,Leopold,Mugi,28579
652,Quintilla,Goianira,73058
653,Maurits,Qingzhou,61588
654,Corissa,Suisan,63714
655,Ray,Sukamaju,46166
656,Ferdinand,Choco,12280
657,Sherrie,Januszkowice,94644
658,Thedrick,Runović,89722
659,Faustina,Nanam,79844
660,Field,Kebonan,57740
661,Larissa,San Cristobal,99914
662,Floris,Nuevo Berlín,55027
663,Ibbie,Vardablur,95129
664,Alick,Calgary,41182
665,Earle,Alderetes,24380
666,Aili,Carmen,77777
667,Sterling,Зуунмод,95949
668,Anita,Tampocon,49729
669,Abran,Cilegi,58324
670,Noreen,Śniadowo,45272
671,Arny,Monchegorsk,30369
672,Willabella,Lanxi,72346
673,Delinda,Hampton,15250
674,Hayes,Panji,38446
675,Burtie,Järfälla,32841
676,Zachary,Bail,50879
677,Tiler,Balboa,27783
678,Vladamir,Aparecida,80809
679,Therine,Linköping,76969
680,Faun,Hope,89562
681,Culley,Bestöbe,79515
682,Gallagher,L’vovskiy,11705
683,Ignaz,Made,95324
684,Mil,Bayang,57985
685,Madelena,Sargodha,49427
686,Adamo,Bata Tengah,68972
687,Regan,Ambarakaraka,63389
688,Reinaldos,Tanggungrejo,20420
689,Alejoa,Cibogo,84131
690,Blondelle,Novovasylivka,94631
691,Abbey,Keumala,17311
692,Clarette,Koktokay,38285
693,Margalit,Popayán,61586
694,Mariana,Binuangan,12466
695,Hinze,Mazamet,90503
696,Curr,Kayan Hulu,95607
697,Dannie,Banjar Kertasari,43351
698,Ashlie,Liwonde,32042
699,Tally,Saue,74495
700,Kial,Katrineholm,97885
701,Brittney,Putina,25380
702,Annabel,Al Fūlah,56626
703,Kristoffer,Sawahan,77677
704,Faye,Río Tercero,76987
705,Eugene,Fengqiao,59831
706,Jocelin,Las Palomas,39329
707,Britni,União,44681
708,Tove,Rialma,90843
709,Olivier,Longchi,42452
710,Jorry,Ourtzagh,64197
711,Westbrook,Łęki,12926
712,Jolie,Nkoteng,26805
713,Tina,Kwangyang,32775
714,Evie,Cotovia,84539
715,Ange,Banjar Laing,97328
716,Bartholomeus,Larvik,79323
717,Ximenes,Krajan C Wonorejo,62600
718,Maison,Zheleznodorozhnyy,44837
719,Tressa,Kan’onjichō,32716
720,Angel,Huotong,30330
721,Allianora,Granada,35750
722,Lucine,Prado,45367
723,Ned,Győr,98140
724,Coop,Minuyan,54657
725,Emmey,Cincinnati,73769
726,Husein,Vřesina,39643
727,Emmie,Yushang,92688
728,Bebe,Chenqiao,13578
729,Howard,Paghmān,55306
730,Ly,El Sauce,33544
731,Jaymee,Bromma,63635
732,Rosanne,Gusang,18964
733,Roger,Sipocot,57363
734,Benn,Siparia,68855
735,Karlie,Balagui,36868
736,Clevey,Lotoshino,36351
737,Matthaeus,Khūgyāṉī,17915
738,Reginauld,Antsirabe,60640
739,Michele,Xianghu,46885
740,Tully,Kumo,60554
741,Lulita,Tam Bình,80902
742,Prudy,Bergen,48021
743,Rick,Hovězí,51270
744,Ferrell,Qinshan,65751
745,Tiffi,Tazarine,91291
746,Waylin,Karpogory,75563
747,Cinnamon,Hongsi,31101
748,Gwenni,Dalai,95829
749,Holmes,Ranao,24293
750,Bob,Vinha,27880
751,Ravi,Alexandria,99930
752,Davon,Karangtengah,89292
753,Payton,Ocaña,71226
754,Frederico,Guishan,93438
755,Diego,Kokas,51993
756,Daffy,Krasnotorka,32086
757,Zora,Beppu,44401
758,Darice,Laohekou,18346
759,Page,Dmitrov,32860
760,Samantha,Ongandjera,13756
761,Thurstan,Alae,19542
762,Dennie,Kradinan,38508
763,Elli,Toliara,86212
764,Hansiain,Guadalupe,78860
765,Letizia,Irati,45982
766,Burk,Diavatá,12383
767,Eamon,Hedi,57215
768,Husain,Ḩammām Wāşil,62379
769,Rebekah,Cibinong,32302
770,Idalina,Bobo-Dioulasso,64568
771,Terrill,Bagaces,88683
772,Christy,Birao,25322
773,Hannis,Pare,97623
774,Melvyn,Carcar,15508
775,Gregoire,Chepes,21514
776,Raeann,Kangmei,84500
777,Wendye,Pongkor,15179
778,Mariejeanne,Ubrub,47909
779,Nichol,Tidaholm,57195
780,Grata,Nyuksenitsa,38556
781,Daveen,Marogong,70815
782,Rhetta,Tarsouat,88969
783,Editha,Saraza,83239
784,Glenn,Shangju,59939
785,Joana,Maradabangga,55232
786,Anna,Didi Lilo,37220
787,Lindy,Solo,82185
788,Zitella,Ungus-Ungus,29847
789,Rosaline,Ostojićevo,74037
790,Hali,Psary,46193
791,Regine,Portela,62987
792,Lorelei,Rouen,47510
793,Henrik,Zhanxu,56630
794,Clemmy,Cigebrok,12224
795,Jaye,Feričanci,16586
796,Marne,Kuala Lumpur,30890
797,Glenden,Chengyang,33828
798,Kahlil,Protección,58298
799,Fernande,Västerhaninge,13150
800,Dukey,Tinta,59082
801,Marris,Pyu,95573
802,Granthem,Guri i Zi,43962
803,Ashla,Xiaomei,19799
804,Brennen,El Crucero,61013
805,Kassi,Ulsan,93477
806,Freddy,‘Afīf,25130
807,Jacquelynn,Oslo,32628
808,Rickard,Qacha’s Nek,92947
809,Sibyl,Rochester,31040
810,Andrei,Rybinsk,44972
811,Devon,Yima,84714
812,Jania,Söderköping,74559
813,Barbara,Kobleve,10517
814,Madonna,Dagang,40578
815,Ondrea,Mbocayaty,51414
816,Yardley,Ånge,43176
817,Sula,Zhoujiadian,69347
818,Corrine,Tianya,34389
819,Brantley,Ngori,52046
820,Crista,Corgo,95310
821,Rina,Santulhão,37552
822,Micheline,Chamni,14593
823,Gregg,Longping,19799
824,Florencia,Davao,27026
825,Bride,Kelaniya,60921
826,Elinor,Iktābah,39990
827,Lonny,Oslo,53281
828,Karole,Mramani,15510
829,Koralle,Bojongloa,28144
830,Carma,Taichung,92620
831,Lyndell,Stony Plain,59064
832,Dominique,Kuilehe,73428
833,Nonna,Severnyy,39765
834,Calli,Yongheshi,93442
835,Maryellen,Muli,76130
836,Danyette,Ödeshög,54669
837,Danie,Pakusari,42510
838,Terrell,Kawaliwu,89155
839,Sterne,Phu Kam Yao,55098
840,Happy,Fengzhou,76543
841,Nari,Pedome,35822
842,Merrick,Caromatan,38386
843,Daven,Gaoyi,11079
844,Wilma,Mesógi,26318
845,Salli,Pedra Branca,48935
846,Anatole,Prizren,22326
847,Jamaal,Sergelen,13743
848,Melli,Petrolera,90494
849,Tommie,San Martín Zapotitlán,73794
850,Carolee,Sidareja,38745
851,Alfred,Yaosai,68218
852,Cristi,Jiajiaying,45133
853,Marylee,Wuling,19005
854,Ashbey,La Paz,67375
855,Callie,Sidoger Lebak,59870
856,Blair,Varāmīn,71613
857,Adeline,Sokolo,63707
858,Sherwood,Krajan,59842
859,Cornie,Chư Prông,51546
860,Geraldine,Quinta,14965
861,Duncan,Karanganyar,49397
862,Lane,Baipenzhu,86908
863,Gwenny,Kole,64219
864,Arvy,Hevlín,99393
865,Dom,Jiufang,15304
866,Gianni,Pajannangger,50407
867,Ulla,Yichun,74293
868,Leeanne,Xibali,43839
869,Corbie,Shendang,59405
870,Karina,Buçimas,22164
871,Siffre,Pétionville,59390
872,Bertie,Châtellerault,27818
873,Germana,Havířov,92304
874,Willem,Likhobory,61304
875,Anna-maria,Linjiang,10069
876,Lemmie,Shuibian,14335
877,Merwyn,Ninove,72900
878,Luce,As Sūsah,78908
879,Saxe,Xinsheng,56669
880,Mimi,Shumerlya,91231
881,Ginevra,Konibodom,15917
882,Timoteo,Dianzi,94638
883,Brandyn,Morawica,35298
884,Stanford,Nuevo Chamelecón,47658
885,Andris,Ayteke Bi,92981
886,Erv,Aghada,76163
887,Christel,Al Jafr,95790
888,Zorine,Karakul’,17876
889,Oneida,Dupi,37898
890,Faun,Jiannan,89032
891,Paquito,Macieira de Rates,90526
892,Berkly,Villa Atamisqui,16976
893,Basilius,Mosjøen,49740
894,Deloria,Santa Cruz das Flores,92579
895,Vivi,Buđanovci,26089
896,Ilaire,Ikang,97899
897,Friedrick,Al Qurayshīyah,37467
898,Gardie,Klang,29545
899,Claudianus,Padabeunghar,37376
900,Bertrando,Sefrou,23057
901,Tull,Bar-le-Duc,76843
902,Darcee,Berezovo,39838
903,Dyan,Nancy,90929
904,Caprice,Ebetsu,71699
905,Georas,Ribeirão Pires,49852
906,Daffi,Kalayemule,61081
907,Jerrie,Jhang Sadr,55766
908,Janeta,Toulon,57363
909,Jasmin,Pirapozinho,18238
910,Jamaal,Kazlų Rūda,70370
911,Annalise,Liljendal,28953
912,Nickey,Ziniaré,16912
913,Audra,Quinipot,49429
914,Britteny,Gostyń,40162
915,Nerty,Majayjay,60404
916,Nigel,Nkpor,51644
917,Renae,Semerak,30945
918,Bibi,Indianapolis,72530
919,Joceline,Dugcal,84476
920,Joscelin,Abelheira,87008
921,Damiano,Sangtian,53129
922,Zita,San José de La Montaña,97741
923,Kaila,Buôn Ma Thuột,79847
924,Larry,Taibai,17981
925,Padriac,Makumbako,89175
926,Hunt,Kawangkoan,40333
927,Gawen,Mankoeng,86349
928,Bartholomeo,Sindangpanji,82738
929,Erin,Monte Santo de Minas,75484
930,Lefty,Qianxu Zhen,77198
931,Grannie,Alagoinhas,91221
932,Fawne,Verkhnya Rozhanka,31843
933,Town,Akhaldaba,96904
934,Michale,Trajouce,24713
935,Adolpho,Irákleia,25486
936,Tyrus,Łobodno,51724
937,Fiona,Bagikkedok Lauk,50431
938,Susy,Tutayev,94448
939,Raymund,Parabon,32939
940,Bev,Ashgabat,56854
941,Raquel,Huansheng,26457
942,Isobel,Lawepakam,80169
943,Brant,Guayabal,70467
944,Alli,Mriyunan,43193
945,Evonne,Oliveira de Frades,35312
946,Juliann,Isidro Fabela,55290
947,Ruby,Pule,30362
948,Peyton,Duyên Hải,67370
949,Drake,El Banco,39516
950,Cornela,Sukošan,61131
951,Niles,Tofol,71976
952,Lind,Krajan Timur Suger Kidul,55138
953,Merwin,Panorama,63108
954,Car,Siyabuswa,25043
955,Yuri,Chãos,96290
956,Diannne,Yenangyaung,34380
957,Paxon,Robertsfors,53072
958,Pen,Novoarkhanhel’s’k,59630
959,Karlen,Morteros,70072
960,Yvette,Fálanna,90958
961,Shirl,Dalmacio Vélez Sársfield,80524
962,Janette,Kalvola,88451
963,Batsheva,Rano,40745
964,Robbert,Edsbyn,45571
965,Tiphanie,Jiulong,58254
966,Taddeusz,Wushan,94636
967,Derek,Norrköping,21683
968,Robbie,Shemursha,18085
969,Mata,Compostela,19629
970,Alidia,Atlanta,36028
971,Lanae,Kastornoye,96155
972,Lisa,Staraya Russa,33841
973,Kennett,Cabanilla,91817
974,Billi,Muranovo,56605
975,Barbabas,Conselheiro Lafaiete,65278
976,Arlene,Gryazovets,19654
977,Dmitri,Guanajuato,68389
978,Charla,Santa Clara La Laguna,71375
979,Colby,Metz,53312
980,Hatty,Wojsławice,41399
981,Sisile,Dammarie-les-Lys,78147
982,Agneta,Zvenigorod,29759
983,Lemmie,Santiago,31754
984,Bobbye,Skorogoszcz,38960
985,Harriett,Jinta,69238
986,Haskell,Žďár nad Sázavou Druhy,82320
987,Niven,Pelotas,86310
988,Marcille,Světlá nad Sázavou,29602
989,Marv,Masvingo,16982
990,Kore,Villa de Soto,98579
991,Wendeline,Dianwan,71579
992,Bennett,Masjed Soleymān,61263
993,Alfie,Jefferson City,49203
994,Staffard,Xitieshan,47254
995,Janis,Şabyā,43527
996,Lief,Chernelytsya,80386
997,Mayne,Buenlag,11178
998,Brinn,Henan’an,87828
999,Margot,Maki,78896
1000,Mollie,Batanovtsi,53426
